"Star Wars: Episode I - The Phantom Menace' ,"
"'The Sixth Sense' ,"
"'Toy Story 2' ,"
"'Austin Powers: The Spy Who Shagged Me' ,"
"'The Matrix' ,"
"'Tarzan' ,"
"'Big Daddy' ,"
"'The Mummy' ,"
"'Runaway Bride' ,"
"'The Blair Witch Project' ,"
"'Stuart Little' ,"
"'The Green Mile' ,"
"'American Beauty' ,"
"'The World Is Not Enough' ,"
"'Double Jeopardy' ,"
"'Notting Hill' ,"
"'Wild Wild West' ,"
"'Analyze This' ,"
"'The Generals Daughter' ,"
"'American Pie' ,"
"'Sleepy Hollow' ,"
"'Inspector Gadget' ,"
"'The Haunting' ,"
"'Entrapment' ,"
"'Pokemon: The First Movie' ,"
"'Payback' ,"
"'The Talented Mr. Ripley' ,"
"'Any Given Sunday' ,"
"'Deep Blue Sea' ,"
"'Galaxy Quest' ,"
"'The Thomas Crown Affair' ,"
"'Blue Streak' ,"
"'End of Days' ,"
"'The Bone Collector' ,"
"'Bowfinger' ,"
"'Deuce Bigalow: Male Gigolo' ,"
"'Life' ,"
"'Shes All That' ,"
"'Three Kings' ,"
"'Bicentennial Man' ,"
"'The Cider House Rules' ,"
"'Eyes Wide Shut' ,"
"'Never Been Kissed' ,"
"'Varsity Blues' ,"
"'Forces of Nature' ,"
"'Message in a Bottle' ,"
"'South Park - Bigger, Longer and Uncut' ,"
"'The Hurricane' ,"
"'Stigmata' ,"
"'House on Haunted Hill' ,"
"'Anna and the King' ,"
"'Cruel Intentions' ,"
"'10 Things I Hate About You' ,"
"'Fight Club' ,"
"'My Favorite Martian' ,"
"'8MM' ,"
"'For Love of the Game' ,"
"'Man on the Moon' ,"
"'Instinct' ,"
"'The Best Man' ,"
"'Mickey Blue Eyes' ,"
"'The 13th Warrior' ,"
"'October Sky' ,"
"'Lake Placid' ,"
"'Random Hearts' ,"
"'Dogma' ,"
"'Superstar' ,"
"'Mystery Men' ,"
"'The Insider' ,"
"'Girl, Interrupted' ,"
"'The Out-of-Towners' ,"
"'The Other Sister' ,"
"'Baby Geniuses' ,"
"'The Story of Us' ,"
"'Blast from the Past' ,"
"'The Wood' ,"
"'Arlington Road' ,"
"'The Iron Giant' ,"
"'Being John Malkovich' ,"
"'Magnolia' ,"
"'EDtv' ,"
"'At First Sight' ,"
"'The Bachelor' ,"
"'Stir of Echoes' ,"
"'Dougs First Movie' ,"
"'Summer of Sam' ,"
"'Anywhere But Here' ,"
"'Galapagos (IMAX)' ,"
"'An Ideal Husband' ,"
"'Drive Me Crazy' ,"
"'The Rage: Carrie 2' ,"
"'Go' ,"
"'Bringing Out the Dead' ,"
"'True Crime' ,"
"'Muppets from Space' ,"
"'A Midsummer Nights Dream' ,"
"'The Corruptor' ,"
"'Election' ,"
"'Music of the Heart' ,"
"'Snow Falling on Cedars' ,"
"'How the Grinch Stole Christmas' ,"
"'Cast Away' ,"
"'Mission: Impossible II' ,"
"'Gladiator' ,"
"'What Women Want' ,"
"'The Perfect Storm' ,"
"'Meet the Parents' ,"
"'X-Men' ,"
"'Scary Movie' ,"
"'What Lies Beneath' ,"
"'Dinosaur' ,"
"'Crouching Tiger, Hidden Dragon' ,"
"'Erin Brockovich' ,"
"'Charlies Angels' ,"
"'Traffic' ,"
"'The Nutty Professor II: The Klumps' ,"
"'Big Mommas House' ,"
"'Remember the Titans' ,"
"'The Patriot' ,"
"'Chicken Run' ,"
"'Miss Congeniality' ,"
"'Gone in 60 Seconds' ,"
"'Unbreakable' ,"
"'Me, Myself and Irene' ,"
"'Space Cowboys' ,"
"'The Emperors New Groove' ,"
"'Scream 3' ,"
"'U-571' ,"
"'Rugrats in Paris: The Movie' ,"
"'The Family Man' ,"
"'Hollow Man' ,"
"'Chocolat' ,"
"'Shaft' ,"
"'Disneys The Kid' ,"
"'Vertical Limit' ,"
"'Road Trip' ,"
"'Bring It On' ,"
"'102 Dalmatians' ,"
"'Rules of Engagement' ,"
"'The Cell' ,"
"'Mission to Mars' ,"
"'Coyote Ugly' ,"
"'Fantasia 2000 (35mm & IMAX)' ,"
"'Snow Day' ,"
"'Next Friday' ,"
"'The Whole Nine Yards' ,"
"'Shanghai Noon' ,"
"'Romeo Must Die' ,"
"'Final Destination' ,"
"'Fantasia 2000 (IMAX)' ,"
"'Finding Forrester' ,"
"'The Road to El Dorado' ,"
"'Men of Honor' ,"
"'Dude, Wheres My Car?' ,"
"'The Tigger Movie' ,"
"'O Brother, Where Art Thou?' ,"
"'Frequency' ,"
"'The Replacements' ,"
"'Pokemon: The Movie 2000' ,"
"'The Beach' ,"
"'The Exorcist Directors Cut' ,"
"'Little Nicky' ,"
"'Pitch Black' ,"
"'The Original Kings of Comedy' ,"
"'Bedazzled ' ,"
"'Autumn in New York' ,"
"'28 Days' ,"
"'Keeping the Faith' ,"
"'Bounce' ,"
"'Hanging Up' ,"
"'The Flintstones in Viva Rock Vegas' ,"
"'The Skulls' ,"
"'The 6th Day' ,"
"'Thirteen Days' ,"
"'My Dog Skip' ,"
"'Where the Heart Is' ,"
"'Pay It Forward' ,"
"'Dracula 2000' ,"
"'Return to Me' ,"
"'Proof of Life' ,"
"'Almost Famous' ,"
"'The Legend of Bagger Vance' ,"
"'Snatch' ,"
"'The Art of War' ,"
"'Bless the Child' ,"
"'The Watcher' ,"
"'Love & Basketball' ,"
"'High Fidelity' ,"
"'Book of Shadows: Blair Witch 2' ,"
"'The Adventures of Rocky & Bullwinkle' ,"
"'Nurse Betty' ,"
"'Reindeer Games' ,"
"'Titan A.E.' ,"
"'Billy Elliot' ,"
"'Boys and Girls' ,"
"'Battlefield Earth' ,"
"'Urban Legends: Final Cut' ,"
"'Down to You' ,"
"'Wonder Boys' ,"
"'Best in Show' ,"
"'Harry Potter and the Sorcerers Stone' ,"
"'The Lord of the Rings: The Fellowship of the Ring' ,"
"'Shrek' ,"
"'Monsters, Inc.' ,"
"'Rush Hour 2' ,"
"'The Mummy Returns' ,"
"'Pearl Harbor' ,"
"'Oceans Eleven' ,"
"'Jurassic Park III' ,"
"'Planet of the Apes ' ,"
"'A Beautiful Mind' ,"
"'Hannibal' ,"
"'American Pie 2' ,"
"'The Fast and the Furious' ,"
"'Lara Croft: Tomb Raider' ,"
"'Dr. Dolittle 2' ,"
"'Spy Kids' ,"
"'Black Hawk Down' ,"
"'The Princess Diaries' ,"
"'Vanilla Sky' ,"
"'The Others' ,"
"'Legally Blonde' ,"
"'Americas Sweethearts' ,"
"'Cats & Dogs' ,"
"'Save the Last Dance' ,"
"'Atlantis: The Lost Empire' ,"
"'Jimmy Neutron: Boy Genius' ,"
"'A.I. Artificial Intelligence' ,"
"'Training Day' ,"
"'Along Came a Spider' ,"
"'Bridget Joness Diary' ,"
"'Scary Movie 2' ,"
"'The Score' ,"
"'Shallow Hal' ,"
"'Swordfish' ,"
"'The Mexican' ,"
"'Down to Earth' ,"
"'Spy Game' ,"
"'The Wedding Planner' ,"
"'Behind Enemy Lines' ,"
"'Ali' ,"
"'The Animal' ,"
"'Moulin Rouge!' ,"
"'Rat Race' ,"
"'A Knights Tale' ,"
"'Dont Say a Word' ,"
"'Blow' ,"
"'The Royal Tenenbaums' ,"
"'Exit Wounds' ,"
"'Enemy at the Gates' ,"
"'K-PAX' ,"
"'Serendipity' ,"
"'Kate and Leopold' ,"
"'Domestic Disturbance' ,"
"'Zoolander' ,"
"'The One' ,"
"'Thirteen Ghosts' ,"
"'Bandits' ,"
"'Gosford Park' ,"
"'Heartbreakers' ,"
"'I Am Sam' ,"
"'Hardball' ,"
"'Evolution' ,"
"'Not Another Teen Movie' ,"
"'Jeepers Creepers' ,"
"'Kiss of the Dragon' ,"
"'Recess: Schools Out' ,"
"'In the Bedroom' ,"
"'Black Knight' ,"
"'See Spot Run' ,"
"'Amelie' ,"
"'Driven' ,"
"'Whats the Worst That Could Happen?' ,"
"'Final Fantasy: The Spirits Within' ,"
"'From Hell' ,"
"'Monsters Ball' ,"
"'How High' ,"
"'Riding in Cars with Boys' ,"
"'Jay and Silent Bob Strike Back' ,"
"'Double Take' ,"
"'Baby Boy' ,"
"'The Majestic' ,"
"'The Brothers' ,"
"'Someone Like You' ,"
"'Joe Dirt' ,"
"'The Musketeer' ,"
"'Crocodile Dundee in Los Angeles' ,"
"'Memento' ,"
"'Captain Corellis Mandolin' ,"
"'Sweet November' ,"
"'15 Minutes' ,"
"'Hearts in Atlantis' ,"
"'Angel Eyes' ,"
"'Corky Romano' ,"
"'Heist' ,"
"'Kingdom Come' ,"
"'Joe Somebody' ,"
"'Two Can Play That Game' ,"
"'Joy Ride' ,"
"'Valentine' ,"
"'Spider-Man' ,"
"'The Lord of the Rings: The Two Towers' ,"
"'Star Wars: Episode II - Attack of the Clones' ,"
"'Harry Potter and the Chamber of Secrets' ,"
"'My Big Fat Greek Wedding' ,"
"'Signs' ,"
"'Austin Powers in Goldmember' ,"
"'Men in Black II' ,"
"'Ice Age' ,"
"'Chicago' ,"
"'Catch Me If You Can' ,"
"'Die Another Day' ,"
"'Scooby-Doo' ,"
"'Lilo & Stitch' ,"
"'XXX' ,"
"'The Santa Clause 2' ,"
"'Minority Report' ,"
"'The Ring' ,"
"'Sweet Home Alabama' ,"
"'Mr. Deeds' ,"
"'The Bourne Identity' ,"
"'The Sum of All Fears' ,"
"'8 Mile' ,"
"'Road to Perdition' ,"
"'Panic Room' ,"
"'Maid in Manhattan' ,"
"'Space Station 3-D (IMAX)' ,"
"'Two Weeks Notice' ,"
"'Red Dragon' ,"
"'The Scorpion King' ,"
"'Spy Kids 2: The Island of Lost Dreams' ,"
"'Blade II' ,"
"'Snow Dogs' ,"
"'We Were Soldiers' ,"
"'Gangs of New York' ,"
"'Barbershop' ,"
"'The Rookie' ,"
"'Spirit: Stallion of the Cimarron' ,"
"'John Q.' ,"
"'Divine Secrets of the Ya-Ya Sisterhood' ,"
"'Insomnia' ,"
"'Changing Lanes' ,"
"'About Schmidt' ,"
"'Stuart Little 2' ,"
"'Jackass: The Movie' ,"
"'The Time Machine' ,"
"'Drumline' ,"
"'The Count of Monte Cristo' ,"
"'Unfaithful' ,"
"'Like Mike' ,"
"'The Tuxedo' ,"
"'Return to Never Land' ,"
"'Big Fat Liar' ,"
"'Star Trek: Nemesis' ,"
"'Reign of Fire' ,"
"'The Hours' ,"
"'High Crimes' ,"
"'About a Boy' ,"
"'A Walk to Remember' ,"
"'Orange County' ,"
"'Windtalkers' ,"
"'Blue Crush' ,"
"'The Master of Disguise' ,"
"'Resident Evil' ,"
"'The Wild Thornberrys' ,"
"'Collateral Damage' ,"
"'Enough' ,"
"'Undercover Brother' ,"
"'Treasure Planet' ,"
"'Showtime' ,"
"'40 Days and 40 Nights' ,"
"'Crossroads' ,"
"'Clockstoppers' ,"
"'The Mothman Prophecies' ,"
"'E.T. (20th Anniversary)' ,"
"'K-19: The Widowmaker' ,"
"'The Hot Chick' ,"
"'I Spy' ,"
"'Friday After Next' ,"
"'The Pianist' ,"
"'Analyze That' ,"
"'Murder by Numbers' ,"
"'One Hour Photo' ,"
"'Halloween: Resurrection' ,"
"'Queen of the Damned' ,"
"'Dragonfly' ,"
"'The Banger Sisters' ,"
"'Bad Company' ,"
"'Ghost Ship' ,"
"'The New Guy' ,"
"'SwimFan' ,"
"'The Crocodile Hunter: Collision Course' ,"
"'Brown Sugar' ,"
"'Blood Work' ,"
"'All About the Benjamins' ,"
"'Frida' ,"
"'Jonah: A VeggieTales Movie' ,"
"'Beauty and the Beast (IMAX)' ,"
"'The Transporter' ,"
"'The Sweetest Thing' ,"
"'The Lord of the Rings: The Return of the King' ,"
"'Finding Nemo' ,"
"'Pirates of the Caribbean: The Curse of the Black Pearl' ,"
"'The Matrix Reloaded' ,"
"'Bruce Almighty' ,"
"'X2: X-Men United' ,"
"'Elf' ,"
"'Terminator 3: Rise of the Machines' ,"
"'The Matrix Revolutions' ,"
"'Cheaper by the Dozen' ,"
"'Bad Boys II' ,"
"'Anger Management' ,"
"'Bringing Down the House' ,"
"'Hulk' ,"
"'2 Fast 2 Furious' ,"
"'Somethings Gotta Give' ,"
"'Seabiscuit' ,"
"'S.W.A.T.' ,"
"'Spy Kids 3D: Game Over' ,"
"'The Last Samurai' ,"
"'Freaky Friday' ,"
"'Scary Movie 3' ,"
"'The Italian Job' ,"
"'How to Lose a Guy in 10 Days' ,"
"'American Wedding' ,"
"'Daddy Day Care' ,"
"'Daredevil' ,"
"'The Cat in the Hat' ,"
"'Charlies Angels: Full Throttle' ,"
"'Cold Mountain' ,"
"'Master and Commander: The Far Side of the World' ,"
"'Legally Blonde 2: Red, White and Blonde' ,"
"'Mystic River' ,"
"'Brother Bear' ,"
"'Freddy Vs. Jason' ,"
"'School of Rock' ,"
"'The Texas Chainsaw Massacre' ,"
"'The Haunted Mansion' ,"
"'Old School' ,"
"'Kill Bill Vol. 1' ,"
"'Holes' ,"
"'Kangaroo Jack' ,"
"'Big Fish' ,"
"'The League of Extraordinary Gentlemen' ,"
"'Lara Croft Tomb Raider: The Cradle of Life' ,"
"'Mona Lisa Smile' ,"
"'Shanghai Knights' ,"
"'Bad Santa' ,"
"'Love Actually' ,"
"'Gothika' ,"
"'Open Range' ,"
"'Once Upon a Time in Mexico' ,"
"'Just Married' ,"
"'Paycheck' ,"
"'The Recruit' ,"
"'Radio' ,"
"'Identity' ,"
"'Underworld' ,"
"'Runaway Jury' ,"
"'Peter Pan' ,"
"'Agent Cody Banks' ,"
"'The Jungle Book 2' ,"
"'The Rundown' ,"
"'Final Destination 2' ,"
"'Phone Booth' ,"
"'28 Days Later' ,"
"'Lost in Translation' ,"
"'Tears of the Sun' ,"
"'Under the Tuscan Sun' ,"
"'The Lizzie McGuire Movie' ,"
"'Secondhand Lions' ,"
"'Out of Time' ,"
"'Rugrats Go Wild' ,"
"'Head of State' ,"
"'Good Boy!' ,"
"'Uptown Girls' ,"
"'Matchstick Men' ,"
"'National Security' ,"
"'What a Girl Wants' ,"
"'Jeepers Creepers 2' ,"
"'Intolerable Cruelty' ,"
"'Cradle 2 the Grave' ,"
"'Monster' ,"
"'Malibus Most Wanted' ,"
"'The Hunted' ,"
"'Stuck on You' ,"
"'Dreamcatcher' ,"
"'Darkness Falls' ,"
"'Bend It Like Beckham' ,"
"'The Core' ,"
"'Calendar Girls' ,"
"'Hollywood Homicide' ,"
"'Honey' ,"
"'The Fighting Temptations' ,"
"'Johnny English' ,"
"'The Missing' ,"
"'Basic' ,"
"'A Man Apart' ,"
"'Sinbad: Legend of the Seven Seas' ,"
"'Dumb and Dumberer: When Harry Met Lloyd' ,"
"'Shrek 2' ,"
"'Spider-Man 2' ,"
"'The Passion of the Christ' ,"
"'Meet the Fockers' ,"
"'The Incredibles' ,"
"'Harry Potter and the Prisoner of Azkaban' ,"
"'The Day After Tomorrow' ,"
"'The Bourne Supremacy' ,"
"'National Treasure' ,"
"'The Polar Express' ,"
"'Shark Tale' ,"
"'I, Robot' ,"
"'Troy' ,"
"'Oceans Twelve' ,"
"'50 First Dates' ,"
"'Van Helsing' ,"
"'Fahrenheit 9/11' ,"
"'Lemony Snickets A Series of Unfortunate Events' ,"
"'DodgeBall: A True Underdog Story' ,"
"'The Village' ,"
"'The Grudge' ,"
"'The Aviator' ,"
"'Collateral' ,"
"'Million Dollar Baby' ,"
"'The Princess Diaries 2: Royal Engagement' ,"
"'Starsky and Hutch' ,"
"'Along Came Polly' ,"
"'Mean Girls' ,"
"'The SpongeBob SquarePants Movie' ,"
"'Anchorman: The Legend of Ron Burgundy' ,"
"'Scooby-Doo 2: Monsters Unleashed' ,"
"'The Notebook' ,"
"'Alien Vs. Predator' ,"
"'Man on Fire' ,"
"'The Terminal' ,"
"'Garfield: The Movie' ,"
"'Ray' ,"
"'Ladder 49' ,"
"'Christmas with the Kranks' ,"
"'Sideways' ,"
"'White Chicks' ,"
"'Hidalgo' ,"
"'The Forgotten' ,"
"'Kill Bill Vol. 2' ,"
"'The Manchurian Candidate' ,"
"'Barbershop 2: Back in Business' ,"
"'Miracle' ,"
"'Friday Night Lights' ,"
"'Hellboy' ,"
"'The Stepford Wives' ,"
"'Dawn of the Dead' ,"
"'Without a Paddle' ,"
"'The Butterfly Effect' ,"
"'Shall We Dance' ,"
"'The Chronicles of Riddick' ,"
"'13 Going on 30' ,"
"'Saw' ,"
"'Hero' ,"
"'Blade: Trinity' ,"
"'King Arthur' ,"
"'Finding Neverland' ,"
"'A Cinderella Story' ,"
"'The Phantom of the Opera' ,"
"'Resident Evil: Apocalypse' ,"
"'Home on the Range' ,"
"'Fat Albert' ,"
"'Secret Window' ,"
"'Walking Tall' ,"
"'In Good Company' ,"
"'Napoleon Dynamite' ,"
"'Spanglish' ,"
"'Exorcist: The Beginning' ,"
"'You Got Served' ,"
"'Bridget Jones: The Edge of Reason' ,"
"'Catwoman' ,"
"'The Ladykillers' ,"
"'Sky Captain and the World of Tomorrow' ,"
"'Raising Helen' ,"
"'Taxi' ,"
"'Eternal Sunshine of the Spotless Mind' ,"
"'Alexander' ,"
"'Closer' ,"
"'The Punisher' ,"
"'Team America: World Police' ,"
"'Taking Lives' ,"
"'Anacondas: The Hunt for the Blood Orchid' ,"
"'Cellular' ,"
"'Johnson Family Vacation' ,"
"'Open Water' ,"
"'Confessions of a Teenage Drama Queen' ,"
"'After the Sunset' ,"
"'The Prince and Me' ,"
"'Garden State' ,"
"'Jersey Girl' ,"
"'Twisted' ,"
"'The Life Aquatic with Steve Zissou' ,"
"'Around the World in 80 Days' ,"
"'Agent Cody Banks 2: Destination London' ,"
"'Hotel Rwanda' ,"
"'Ella Enchanted' ,"
"'Star Wars: Episode III - Revenge of the Sith' ,"
"'The Chronicles of Narnia: The Lion, the Witch and the Wardrobe' ,"
"'Harry Potter and the Goblet of Fire' ,"
"'War of the Worlds' ,"
"'King Kong' ,"
"'Wedding Crashers' ,"
"'Charlie and the Chocolate Factory' ,"
"'Batman Begins' ,"
"'Madagascar' ,"
"'Mr. & Mrs. Smith' ,"
"'Hitch' ,"
"'The Longest Yard' ,"
"'Fantastic Four ' ,"
"'Chicken Little' ,"
"'Robots' ,"
"'Walk the Line' ,"
"'The Pacifier' ,"
"'Fun with Dick and Jane' ,"
"'The 40-Year-Old Virgin' ,"
"'Flightplan' ,"
"'Saw II' ,"
"'Brokeback Mountain' ,"
"'Monster-in-Law' ,"
"'Are We There Yet?' ,"
"'Cheaper by the Dozen 2' ,"
"'The Dukes of Hazzard' ,"
"'March of the Penguins' ,"
"'The Ring Two' ,"
"'Constantine' ,"
"'The Exorcism of Emily Rose' ,"
"'Four Brothers' ,"
"'Sin City' ,"
"'The Interpreter' ,"
"'Guess Who' ,"
"'Sahara' ,"
"'Coach Carter' ,"
"'Herbie: Fully Loaded' ,"
"'The Amityville Horror ' ,"
"'Sky High' ,"
"'Bewitched' ,"
"'Jarhead' ,"
"'Cinderella Man' ,"
"'The Family Stone' ,"
"'Red Eye' ,"
"'Memoirs of a Geisha' ,"
"'White Noise' ,"
"'Wallace and Gromit: The Curse of the Were-Rabbit' ,"
"'Be Cool' ,"
"'Crash' ,"
"'Yours, Mine and Ours' ,"
"'Tim Burtons Corpse Bride' ,"
"'Kicking and Screaming' ,"
"'Hoodwinked' ,"
"'Hide and Seek' ,"
"'The Hitchhikers Guide to the Galaxy' ,"
"'Syriana' ,"
"'Tyler Perrys Diary of a Mad Black Woman' ,"
"'Racing Stripes' ,"
"'Miss Congeniality 2: Armed and Fabulous' ,"
"'Just Like Heaven' ,"
"'The Skeleton Key' ,"
"'Munich' ,"
"'Kingdom of Heaven' ,"
"'Boogeyman' ,"
"'The Legend of Zorro' ,"
"'Must Love Dogs' ,"
"'Transporter 2' ,"
"'Rumor Has It' ,"
"'Fever Pitch' ,"
"'The Adventures of Sharkboy and Lavagirl in 3D' ,"
"'The Sisterhood of the Traveling Pants' ,"
"'Pride and Prejudice' ,"
"'The Brothers Grimm' ,"
"'Beauty Shop' ,"
"'Derailed' ,"
"'The Island' ,"
"'The Ringer' ,"
"'Hostage' ,"
"'Magnificent Desolation (IMAX)' ,"
"'The Constant Gardener' ,"
"'In Her Shoes' ,"
"'Bad News Bears' ,"
"'Dreamer: Inspired by a True Story' ,"
"'Because of Winn-Dixie' ,"
"'Just Friends' ,"
"'Stealth' ,"
"'House of Wax' ,"
"'The Wedding Date' ,"
"'Good Night, and Good Luck.' ,"
"'A History of Violence' ,"
"'Get Rich or Die Tryin' ,"
"'The Fog ' ,"
"'Zathura' ,"
"'Rent' ,"
"'Capote' ,"
"'Doom' ,"
"'XXX: State of the Union' ,"
"'Elizabethtown' ,"
"'Aeon Flux' ,"
"'Serenity' ,"
"'Pirates of the Caribbean: Dead Mans Chest' ,"
"'Night at the Museum' ,"
"'Cars' ,"
"'X-Men: The Last Stand' ,"
"'The Da Vinci Code' ,"
"'Superman Returns' ,"
"'Happy Feet' ,"
"'Ice Age: The Meltdown' ,"
"'Casino Royale' ,"
"'The Pursuit of Happyness' ,"
"'Over the Hedge' ,"
"'Talladega Nights: The Ballad of Ricky Bobby' ,"
"'Click' ,"
"'Mission: Impossible III' ,"
"'The Departed' ,"
"'Borat: Cultural Learnings of America for Make Benefit Glorious Nation of Kazakhstan' ,"
"'The Devil Wears Prada' ,"
"'The Break-Up' ,"
"'Dreamgirls' ,"
"'Scary Movie 4' ,"
"'Failure to Launch' ,"
"'Inside Man' ,"
"'Open Season' ,"
"'The Santa Clause 3: The Escape Clause' ,"
"'Charlottes Web ' ,"
"'The Pink Panther ' ,"
"'Eight Below' ,"
"'Saw III' ,"
"'Nacho Libre' ,"
"'You, Me and Dupree' ,"
"'Eragon' ,"
"'Monster House' ,"
"'Jackass: Number Two' ,"
"'Barnyard: The Original Party Animals' ,"
"'RV' ,"
"'V for Vendetta' ,"
"'World Trade Center' ,"
"'Rocky Balboa' ,"
"'Big Mommas House 2' ,"
"'Step Up' ,"
"'Flushed Away' ,"
"'Deja Vu' ,"
"'Miami Vice' ,"
"'Tyler Perrys Madeas Family Reunion' ,"
"'The Holiday' ,"
"'The Fast and the Furious: Tokyo Drift' ,"
"'Underworld: Evolution' ,"
"'The Shaggy Dog' ,"
"'Poseidon' ,"
"'The Good Shepherd' ,"
"'Little Miss Sunshine' ,"
"'The Benchwarmers' ,"
"'Little Man' ,"
"'Curious George' ,"
"'Invincible' ,"
"'Blood Diamond' ,"
"'The Queen' ,"
"'The Guardian' ,"
"'The Omen ' ,"
"'Final Destination 3' ,"
"'The Prestige' ,"
"'The Lake House' ,"
"'Apocalypto' ,"
"'Firewall' ,"
"'Date Movie' ,"
"'When a Stranger Calls' ,"
"'Hostel' ,"
"'Nanny McPhee' ,"
"'Silent Hill' ,"
"'Deep Sea 3D (IMAX)' ,"
"'We Are Marshall' ,"
"'Glory Road' ,"
"'Lady in the Water' ,"
"'The Hills Have Eyes' ,"
"'John Tucker Must Die' ,"
"'Stranger Than Fiction' ,"
"'The Illusionist' ,"
"'The Texas Chainsaw Massacre: The Beginning' ,"
"'The Grudge 2' ,"
"'Gridiron Gang' ,"
"'Last Holiday' ,"
"'Pans Labyrinth' ,"
"'The Nativity Story' ,"
"'The Wild' ,"
"'Man of the Year' ,"
"'16 Blocks' ,"
"'Accepted' ,"
"'The Sentinel' ,"
"'Children of Men' ,"
"'Deck the Halls' ,"
"'Take the Lead' ,"
"'Babel' ,"
"'Snakes on a Plane' ,"
"'Shes the Man' ,"
"'Flags of Our Fathers' ,"
"'United 93' ,"
"'Employee of the Month' ,"
"'Garfield: A Tail of Two Kitties' ,"
"'The Ant Bully' ,"
"'Crank' ,"
"'Spider-Man 3' ,"
"'Shrek the Third' ,"
"'Transformers' ,"
"'Pirates of the Caribbean: At Worlds End' ,"
"'Harry Potter and the Order of the Phoenix' ,"
"'I Am Legend' ,"
"'The Bourne Ultimatum' ,"
"'National Treasure: Book of Secrets' ,"
"'Alvin and the Chipmunks' ,"
"'300' ,"
"'Ratatouille' ,"
"'The Simpsons Movie' ,"
"'Wild Hogs' ,"
"'Knocked Up' ,"
"'Juno' ,"
"'Rush Hour 3' ,"
"'Live Free or Die Hard' ,"
"'Fantastic Four: Rise of the Silver Surfer' ,"
"'American Gangster' ,"
"'Enchanted' ,"
"'Bee Movie' ,"
"'Superbad' ,"
"'I Now Pronounce You Chuck and Larry' ,"
"'Hairspray ' ,"
"'Blades of Glory' ,"
"'Oceans Thirteen' ,"
"'Ghost Rider' ,"
"'Evan Almighty' ,"
"'Meet the Robinsons' ,"
"'Norbit' ,"
"'The Bucket List' ,"
"'The Game Plan' ,"
"'Beowulf' ,"
"'Bridge to Terabithia' ,"
"'Disturbia' ,"
"'No Country for Old Men' ,"
"'Fred Claus' ,"
"'1408' ,"
"'The Golden Compass' ,"
"'Charlie Wilsons War' ,"
"'Saw IV' ,"
"'Stomp the Yard' ,"
"'Surfs Up' ,"
"'Halloween ' ,"
"'Tyler Perrys Why Did I Get Married?' ,"
"'TMNT' ,"
"'P.S. I Love You' ,"
"'3:10 to Yuma ' ,"
"'Sweeney Todd: The Demon Barber of Fleet Street' ,"
"'Atonement' ,"
"'Resident Evil: Extinction' ,"
"'Music and Lyrics' ,"
"'Are We Done Yet?' ,"
"'This Christmas' ,"
"'Michael Clayton' ,"
"'Premonition' ,"
"'Dan in Real Life' ,"
"'The Kingdom' ,"
"'Shooter' ,"
"'License to Wed' ,"
"'Underdog' ,"
"'No Reservations' ,"
"'Because I Said So' ,"
"'Aliens Vs. Predator - Requiem' ,"
"'The Water Horse: Legend of the Deep' ,"
"'There Will Be Blood' ,"
"'Epic Movie' ,"
"'Hitman' ,"
"'30 Days of Night' ,"
"'Fracture' ,"
"'Stardust' ,"
"'The Brave One' ,"
"'The Heartbreak Kid' ,"
"'Freedom Writers' ,"
"'Smokin Aces' ,"
"'The Messengers' ,"
"'The Number 23' ,"
"'Good Luck Chuck' ,"
"'Mr. Beans Holiday' ,"
"'Breach' ,"
"'Zodiac' ,"
"'Balls of Fury' ,"
"'Mr. Magoriums Wonder Emporium' ,"
"'August Rush' ,"
"'Tyler Perrys Daddys Little Girls' ,"
"'The Great Debaters' ,"
"'28 Weeks Later' ,"
"'We Own the Night' ,"
"'Mr. Brooks' ,"
"'Hannibal Rising' ,"
"'The Nanny Diaries' ,"
"'Mr. Woodcock' ,"
"'Nancy Drew' ,"
"'The Mist' ,"
"'The Reaping' ,"
"'Grindhouse' ,"
"'Sicko' ,"
"'Across the Universe' ,"
"'Perfect Stranger' ,"
"'Sea Monsters: A Prehistoric Adventure (IMAX)' ,"
"'The Dark Knight' ,"
"'Iron Man' ,"
"'Indiana Jones and the Kingdom of the Crystal Skull' ,"
"'Hancock' ,"
"'WALL-E' ,"
"'Kung Fu Panda' ,"
"'Twilight' ,"
"'Madagascar: Escape 2 Africa' ,"
"'Quantum of Solace' ,"
"'Dr. Seuss Horton Hears a Who!' ,"
"'Sex and the City' ,"
"'Gran Torino' ,"
"'Mamma Mia!' ,"
"'Marley and Me' ,"
"'The Chronicles of Narnia: Prince Caspian' ,"
"'Slumdog Millionaire' ,"
"'The Incredible Hulk' ,"
"'Wanted' ,"
"'Get Smart' ,"
"'The Curious Case of Benjamin Button' ,"
"'Four Christmases' ,"
"'Bolt' ,"
"'Tropic Thunder' ,"
"'Bedtime Stories' ,"
"'The Mummy: Tomb of the Dragon Emperor' ,"
"'Journey to the Center of the Earth' ,"
"'Eagle Eye' ,"
"'Step Brothers' ,"
"'You Dont Mess with the Zohan' ,"
"'Yes Man' ,"
"'10,000 B.C.' ,"
"'Beverly Hills Chihuahua' ,"
"'High School Musical 3: Senior Year' ,"
"'Pineapple Express' ,"
"'Valkyrie' ,"
"'21' ,"
"'What Happens in Vegas' ,"
"'Jumper' ,"
"'Cloverfield' ,"
"'The Day the Earth Stood Still ' ,"
"'27 Dresses' ,"
"'Hellboy II: The Golden Army' ,"
"'Vantage Point' ,"
"'The Spiderwick Chronicles' ,"
"'Fools Gold' ,"
"'Seven Pounds' ,"
"'Role Models' ,"
"'Hannah Montana/Miley Cyrus: Best of Both Worlds Concert Tour' ,"
"'The Happening' ,"
"'Forgetting Sarah Marshall' ,"
"'Baby Mama' ,"
"'Burn After Reading' ,"
"'Step Up 2 the Streets' ,"
"'Saw V' ,"
"'The Strangers' ,"
"'The Forbidden Kingdom' ,"
"'The Tale of Despereaux' ,"
"'Australia' ,"
"'The House Bunny' ,"
"'Nims Island' ,"
"'Made of Honor' ,"
"'College Road Trip' ,"
"'The Sisterhood of the Traveling Pants 2' ,"
"'Speed Racer' ,"
"'Prom Night ' ,"
"'Rambo' ,"
"'Welcome Home Roscoe Jenkins' ,"
"'Tyler Perrys Meet the Browns' ,"
"'Nights in Rodanthe' ,"
"'Max Payne' ,"
"'Righteous Kill' ,"
"'Body of Lies' ,"
"'Lakeview Terrace' ,"
"'Meet the Spartans' ,"
"'Harold and Kumar Escape from Guantanamo Bay' ,"
"'First Sunday' ,"
"'The Secret Life of Bees' ,"
"'Tyler Perrys The Family That Preys' ,"
"'Death Race' ,"
"'Changeling' ,"
"'Star Wars: The Clone Wars' ,"
"'The Reader' ,"
"'Semi-Pro' ,"
"'Fireproof' ,"
"'Doubt' ,"
"'Drillbit Taylor' ,"
"'Definitely, Maybe' ,"
"'The Love Guru' ,"
"'Milk' ,"
"'Transporter 3' ,"
"'Quarantine' ,"
"'Nick and Norahs Infinite Playlist' ,"
"'Zack and Miri Make a Porno' ,"
"'The Eye' ,"
"'Leatherheads' ,"
"'Mirrors' ,"
"'Space Chimps' ,"
"'The Bank Job' ,"
"'Untraceable' ,"
"'Defiance' ,"
"'Avatar' ,"
"'Transformers: Revenge of the Fallen' ,"
"'Harry Potter and the Half-Blood Prince' ,"
"'The Twilight Saga: New Moon' ,"
"'Up' ,"
"'The Hangover' ,"
"'Star Trek' ,"
"'The Blind Side' ,"
"'Alvin and the Chipmunks: The Squeakquel' ,"
"'Sherlock Holmes' ,"
"'Monsters Vs. Aliens' ,"
"'Ice Age: Dawn of the Dinosaurs' ,"
"'X-Men Origins: Wolverine' ,"
"'Night at the Museum: Battle of the Smithsonian' ,"
"'2012' ,"
"'The Proposal' ,"
"'Fast and Furious' ,"
"'G.I. Joe: The Rise of Cobra' ,"
"'Paul Blart: Mall Cop' ,"
"'Taken' ,"
"'A Christmas Carol ' ,"
"'Angels & Demons' ,"
"'Terminator Salvation' ,"
"'Cloudy with a Chance of Meatballs' ,"
"'Inglourious Basterds' ,"
"'G-Force' ,"
"'District 9' ,"
"'Its Complicated' ,"
"'Couples Retreat' ,"
"'Paranormal Activity' ,"
"'Watchmen' ,"
"'The Princess and the Frog' ,"
"'Public Enemies' ,"
"'Julie & Julia' ,"
"'Hes Just Not That Into You' ,"
"'Tyler Perrys Madea Goes to Jail' ,"
"'The Ugly Truth' ,"
"'Up in the Air' ,"
"'Knowing' ,"
"'Hannah Montana The Movie' ,"
"'Where the Wild Things Are' ,"
"'Zombieland' ,"
"'Coraline' ,"
"'Law Abiding Citizen' ,"
"'Hotel for Dogs' ,"
"'Michael Jacksons This Is It' ,"
"'I Love You, Man' ,"
"'Obsessed' ,"
"'Race to Witch Mountain' ,"
"'The Final Destination' ,"
"'The Taking of Pelham 1 2 3' ,"
"'Friday the 13th ' ,"
"'17 Again' ,"
"'The Time Travelers Wife' ,"
"'Bruno' ,"
"'Bride Wars' ,"
"'The Haunting in Connecticut' ,"
"'Ghosts of Girlfriends Past' ,"
"'Funny People' ,"
"'Tyler Perrys I Can Do Bad All By Myself' ,"
"'My Bloody Valentine 3-D' ,"
"'Old Dogs' ,"
"'Land of the Lost' ,"
"'My Sisters Keeper' ,"
"'Precious: Based on the Novel ""Push"" by Sapphire' ,"
"'Underworld: Rise of the Lycans' ,"
"'Confessions of a Shopaholic' ,"
"'The Lovely Bones' ,"
"'Year One' ,"
"'The Unborn ' ,"
"'Planet 51' ,"
"'Drag Me to Hell' ,"
"'Orphan' ,"
"'Duplicity' ,"
"'Crazy Heart' ,"
"'Surrogates' ,"
"'Ninja Assassin' ,"
"'Invictus' ,"
"'State of Play' ,"
"'Notorious ' ,"
"'Under the Sea 3D' ,"
"'The Pink Panther 2' ,"
"'All About Steve' ,"
"'Halloween II ' ,"
"'The Informant!' ,"
"'The Last House on the Left ' ,"
"'The Men Who Stare at Goats' ,"
"'(500) Days of Summer' ,"
"'Earth ' ,"
"'Push' ,"
"'9' ,"
"'The Soloist' ,"
"'Toy Story / Toy Story 2 (3D)' ,"
"'Did You Hear About the Morgans?' ,"
"'The Stepfather ' ,"
"'The Uninvited' ,"
"'Brothers' ,"
"'Saw VI' ,"
"'Dance Flick' ,"
"'The Fourth Kind' ,"
"'Toy Story 3' ,"
"'Alice in Wonderland ' ,"
"'Iron Man 2' ,"
"'The Twilight Saga: Eclipse' ,"
"'Harry Potter and the Deathly Hallows Part 1' ,"
"'Inception' ,"
"'Despicable Me' ,"
"'Shrek Forever After' ,"
"'How to Train Your Dragon' ,"
"'Tangled' ,"
"'The Karate Kid' ,"
"'Tron Legacy' ,"
"'True Grit' ,"
"'Clash of the Titans ' ,"
"'Grown Ups' ,"
"'Little Fockers' ,"
"'Megamind' ,"
"'The Kings Speech' ,"
"'The Last Airbender' ,"
"'Shutter Island' ,"
"'The Other Guys' ,"
"'Salt' ,"
"'Jackass 3-D' ,"
"'Valentines Day' ,"
"'Black Swan' ,"
"'Robin Hood' ,"
"'The Chronicles of Narnia: The Voyage of the Dawn Treader' ,"
"'The Expendables' ,"
"'Due Date' ,"
"'Yogi Bear' ,"
"'Date Night' ,"
"'The Social Network' ,"
"'Sex and the City 2' ,"
"'The Book of Eli' ,"
"'The Fighter' ,"
"'The Town' ,"
"'Prince of Persia: The Sands of Time' ,"
"'Red' ,"
"'Percy Jackson & The Olympians: The Lightning Thief' ,"
"'Paranormal Activity 2' ,"
"'Unstoppable' ,"
"'Eat Pray Love' ,"
"'Dear John' ,"
"'The A-Team' ,"
"'Knight & Day' ,"
"'Dinner for Schmucks' ,"
"'The Tourist' ,"
"'The Bounty Hunter' ,"
"'Diary of a Wimpy Kid' ,"
"'The Sorcerers Apprentice' ,"
"'A Nightmare on Elm Street ' ,"
"'The Last Song' ,"
"'The Wolfman' ,"
"'Get Him to the Greek' ,"
"'Resident Evil: Afterlife' ,"
"'Tyler Perrys Why Did I Get Married Too?' ,"
"'Tooth Fairy' ,"
"'Secretariat' ,"
"'Easy A' ,"
"'Takers' ,"
"'Legend of the Guardians: The Owls of GaHoole' ,"
"'Life as We Know It' ,"
"'Letters to Juliet' ,"
"'Wall Street: Money Never Sleeps' ,"
"'Hubble 3D' ,"
"'Predators' ,"
"'Hot Tub Time Machine' ,"
"'Kick-Ass' ,"
"'Killers' ,"
"'Saw 3D' ,"
"'Cop Out' ,"
"'Cats & Dogs: The Revenge of Kitty Galore' ,"
"'Edge of Darkness' ,"
"'Gullivers Travels' ,"
"'Death at a Funeral ' ,"
"'Step Up 3-D' ,"
"'The Last Exorcism' ,"
"'Legion ' ,"
"'Burlesque' ,"
"'The Crazies' ,"
"'For Colored Girls' ,"
"'The Back-Up Plan' ,"
"'Vampires Suck' ,"
"'The American' ,"
"'Green Zone' ,"
"'Marmaduke' ,"
"'Devil' ,"
"'Hereafter' ,"
"'When in Rome' ,"
"'Love and Other Drugs' ,"
"'Shes Out of My League' ,"
"'Scott Pilgrim vs. the World' ,"
"'Charlie St. Cloud' ,"
"'Morning Glory' ,"
"'How Do You Know' ,"
"'Daybreakers' ,"
"'Nanny McPhee Returns' ,"
"'The Switch' ,"
"'Brooklyns Finest' ,"
"'Machete' ,"
"'Harry Potter and the Deathly Hallows Part 2' ,"
"'Transformers: Dark of the Moon' ,"
"'The Twilight Saga: Breaking Dawn Part 1' ,"
"'The Hangover Part II' ,"
"'Pirates of the Caribbean: On Stranger Tides' ,"
"'Fast Five' ,"
"'Mission: Impossible - Ghost Protocol' ,"
"'Cars 2' ,"
"'Sherlock Holmes: A Game of Shadows' ,"
"'Thor' ,"
"'Rise of the Planet of the Apes' ,"
"'Captain America: The First Avenger' ,"
"'The Help' ,"
"'Bridesmaids' ,"
"'Kung Fu Panda 2' ,"
"'Puss in Boots' ,"
"'X-Men: First Class' ,"
"'Rio' ,"
"'The Smurfs' ,"
"'Alvin and the Chipmunks: Chipwrecked' ,"
"'Super 8' ,"
"'Rango' ,"
"'Horrible Bosses' ,"
"'Green Lantern' ,"
"'Hop' ,"
"'Paranormal Activity 3' ,"
"'Just Go With It' ,"
"'The Girl with the Dragon Tattoo ' ,"
"'Bad Teacher' ,"
"'Cowboys & Aliens' ,"
"'Gnomeo and Juliet' ,"
"'The Green Hornet' ,"
"'The Lion King (in 3D)' ,"
"'The Muppets' ,"
"'Real Steel' ,"
"'Crazy, Stupid, Love.' ,"
"'Battle: Los Angeles' ,"
"'Immortals' ,"
"'The Descendants' ,"
"'Zookeeper' ,"
"'War Horse' ,"
"'Limitless' ,"
"'Tower Heist' ,"
"'The Adventures of Tintin' ,"
"'Contagion' ,"
"'We Bought a Zoo' ,"
"'Moneyball' ,"
"'Jack and Jill' ,"
"'Hugo' ,"
"'Justin Bieber: Never Say Never' ,"
"'Dolphin Tale' ,"
"'No Strings Attached' ,"
"'Mr. Poppers Penguins' ,"
"'Happy Feet Two' ,"
"'Unknown' ,"
"'The Adjustment Bureau' ,"
"'Water for Elephants' ,"
"'The Lincoln Lawyer' ,"
"'Midnight in Paris' ,"
"'Friends with Benefits' ,"
"'I Am Number Four' ,"
"'Source Code' ,"
"'New Years Eve' ,"
"'Insidious' ,"
"'Tyler Perrys Madeas Big Happy Family' ,"
"'Diary of a Wimpy Kid: Rodrick Rules' ,"
"'Footloose ' ,"
"'The Dilemma' ,"
"'Arthur Christmas' ,"
"'Hall Pass' ,"
"'The Artist' ,"
"'Soul Surfer' ,"
"'Final Destination 5' ,"
"'The Ides of March' ,"
"'Hanna' ,"
"'Something Borrowed' ,"
"'Spy Kids: All the Time in the World' ,"
"'Scream 4' ,"
"'Big Mommas: Like Father, Like Son' ,"
"'Red Riding Hood' ,"
"'In Time' ,"
"'Paul' ,"
"'J. Edgar' ,"
"'The Roommate' ,"
"'Jumping the Broom' ,"
"'The Change-Up' ,"
"'30 Minutes or Less' ,"
"'Colombiana' ,"
"'Sucker Punch' ,"
"'Larry Crowne' ,"
"'A Very Harold & Kumar 3D Christmas' ,"
"'Drive ' ,"
"'50/50' ,"
"'Courageous' ,"
"'The Rite' ,"
"'Arthur ' ,"
"'Extremely Loud & Incredibly Close' ,"
"'The Debt' ,"
"'The Sitter' ,"
"'The Iron Lady' ,"
"'Marvels The Avengers' ,"
"'The Dark Knight Rises' ,"
"'The Hunger Games' ,"
"'Skyfall' ,"
"'The Hobbit: An Unexpected Journey' ,"
"'The Twilight Saga: Breaking Dawn Part 2' ,"
"'The Amazing Spider-Man' ,"
"'Brave' ,"
"'Ted' ,"
"'Madagascar 3: Europes Most Wanted' ,"
"'Dr. Seuss The Lorax' ,"
"'Wreck-It Ralph' ,"
"'Lincoln' ,"
"'MIB 3' ,"
"'Django Unchained' ,"
"'Ice Age: Continental Drift' ,"
"'Snow White and the Huntsman' ,"
"'Les Miserables ' ,"
"'Hotel Transylvania' ,"
"'Taken 2' ,"
"'21 Jump Street' ,"
"'Argo' ,"
"'Silver Linings Playbook' ,"
"'Prometheus' ,"
"'Safe House' ,"
"'The Vow' ,"
"'Life of Pi' ,"
"'Magic Mike' ,"
"'The Bourne Legacy' ,"
"'Journey 2: The Mysterious Island' ,"
"'Rise of the Guardians' ,"
"'Zero Dark Thirty' ,"
"'Flight' ,"
"'Think Like a Man' ,"
"'The Campaign' ,"
"'The Expendables 2' ,"
"'Wrath of the Titans' ,"
"'Jack Reacher' ,"
"'Dark Shadows' ,"
"'Parental Guidance' ,"
"'John Carter' ,"
"'Act of Valor' ,"
"'This Is 40' ,"
"'Contraband' ,"
"'Looper' ,"
"'Tyler Perrys Madeas Witness Protection' ,"
"'Battleship' ,"
"'Pitch Perfect' ,"
"'Mirror Mirror' ,"
"'Chronicle ' ,"
"'Hope Springs' ,"
"'Underworld Awakening' ,"
"'The Lucky One' ,"
"'The Dictator' ,"
"'Total Recall ' ,"
"'Titanic 3D' ,"
"'American Reunion' ,"
"'ParaNorman' ,"
"'This Means War' ,"
"'Project X' ,"
"'The Woman in Black' ,"
"'Paranormal Activity 4' ,"
"'The Devil Inside' ,"
"'The Odd Life of Timothy Green' ,"
"'Ghost Rider: Spirit of Vengeance' ,"
"'The Grey' ,"
"'Red Tails' ,"
"'The Possession' ,"
"'Diary of a Wimpy Kid: Dog Days' ,"
"'Sinister' ,"
"'Beauty and the Beast (3D)' ,"
"'Savages ' ,"
"'The Best Exotic Marigold Hotel' ,"
"'Moonrise Kingdom' ,"
"'Here Comes the Boom' ,"
"'Red Dawn ' ,"
"'The Three Stooges' ,"
"'Star Wars: Episode I - The Phantom Menace (in 3D)' ,"
"'Resident Evil: Retribution' ,"
"'The Cabin in the Woods' ,"
"'What to Expect When Youre Expecting' ,"
"'Finding Nemo (3D)' ,"
"'End of Watch' ,"
"'Rock of Ages' ,"
"'Abraham Lincoln: Vampire Hunter' ,"
"'Lawless' ,"
"'The Guilt Trip' ,"
"'Thats My Boy' ,"
"'Trouble with the Curve' ,"
"'The Watch' ,"
"'Frankenweenie' ,"
"'Step Up Revolution' ,"
"'Tyler Perrys Good Deeds' ,"
"'Monsters, Inc. (3D)' ,"
"'2016 Obamas America' ,"
"'House at the End of The Street' ,"
"'The Pirates! Band of Misfits' ,"
"'Joyful Noise' ,"
"'Chimpanzee' ,"
"'The Five-Year Engagement' ,"
"'The Hunger Games: Catching Fire' ,"
"'Iron Man 3' ,"
"'Frozen' ,"
"'Despicable Me 2' ,"
"'Man of Steel' ,"
"'Gravity' ,"
"'Monsters University' ,"
"'The Hobbit: The Desolation of Smaug' ,"
"'Fast & Furious 6' ,"
"'Oz The Great and Powerful' ,"
"'Star Trek Into Darkness' ,"
"'Thor: The Dark World' ,"
"'World War Z' ,"
"'The Croods' ,"
"'The Heat' ,"
"'Were the Millers' ,"
"'American Hustle' ,"
"'The Great Gatsby ' ,"
"'The Conjuring' ,"
"'Identity Thief' ,"
"'Grown Ups 2' ,"
"'The Wolverine' ,"
"'Anchorman 2: The Legend Continues' ,"
"'Lone Survivor' ,"
"'G.I. Joe: Retaliation' ,"
"'Cloudy with a Chance of Meatballs 2' ,"
"'Now You See Me' ,"
"'The Wolf of Wall Street' ,"
"'Lee Daniels The Butler' ,"
"'The Hangover Part III' ,"
"'Epic' ,"
"'Captain Phillips' ,"
"'Jackass Presents: Bad Grandpa' ,"
"'Pacific Rim' ,"
"'This is the End' ,"
"'Olympus Has Fallen' ,"
"'42' ,"
"'Elysium' ,"
"'Planes' ,"
"'The Lone Ranger' ,"
"'Oblivion' ,"
"'Insidious Chapter 2' ,"
"'Saving Mr. Banks' ,"
"'Turbo' ,"
"'2 Guns' ,"
"'White House Down' ,"
"'Mama' ,"
"'Safe Haven' ,"
"'The Smurfs 2' ,"
"'The Best Man Holiday' ,"
"'Percy Jackson: Sea of Monsters' ,"
"'A Good Day to Die Hard' ,"
"'Warm Bodies' ,"
"'Jack the Giant Slayer' ,"
"'The Purge' ,"
"'Last Vegas' ,"
"'Enders Game' ,"
"'Prisoners' ,"
"'After Earth' ,"
"'The Secret Life of Walter Mitty' ,"
"'Escape From Planet Earth' ,"
"'12 Years a Slave' ,"
"'Free Birds' ,"
"'Hansel and Gretel: Witch Hunters' ,"
"'Evil Dead ' ,"
"'Red 2' ,"
"'Tyler Perrys A Madea Christmas' ,"
"'Tyler Perrys Temptation: Confessions of a Marriage Counselor' ,"
"'The Call' ,"
"'Pain and Gain' ,"
"'Gangster Squad' ,"
"'Jurassic Park 3D' ,"
"'The Internship' ,"
"'Instructions Not Included' ,"
"'Snitch' ,"
"'Riddick' ,"
"'A Haunted House' ,"
"'47 Ronin' ,"
"'August: Osage County' ,"
"'Philomena' ,"
"'The Family ' ,"
"'Walking with Dinosaurs' ,"
"'Carrie ' ,"
"'Texas Chainsaw 3D' ,"
"'R.I.P.D.' ,"
"'Blue Jasmine' ,"
"'Kevin Hart: Let Me Explain' ,"
"'Side Effects ' ,"
"'Scary Movie 5' ,"
"'The Mortal Instruments: City of Bones' ,"
"'Delivery Man' ,"
"'Grudge Match' ,"
"'One Direction: This is Us' ,"
"'Kick-Ass 2' ,"
"'Dallas Buyers Club' ,"
"'Rush ' ,"
"'The Host ' ,"
"'The Worlds End' ,"
"'21 and Over' ,"
"'Her ' ,"
"'American Sniper' ,"
"'The Hunger Games: Mockingjay - Part 1' ,"
"'Guardians of the Galaxy' ,"
"'Captain America: The Winter Soldier' ,"
"'The LEGO Movie' ,"
"'The Hobbit: The Battle of the Five Armies' ,"
"'Transformers: Age of Extinction' ,"
"'Maleficent' ,"
"'X-Men: Days of Future Past' ,"
"'Big Hero 6' ,"
"'Dawn of the Planet of the Apes' ,"
"'The Amazing Spider-Man 2' ,"
"'Godzilla ' ,"
"'22 Jump Street' ,"
"'Teenage Mutant Ninja Turtles ' ,"
"'Interstellar' ,"
"'How to Train Your Dragon 2' ,"
"'Gone Girl' ,"
"'Divergent' ,"
"'Neighbors' ,"
"'Ride Along' ,"
"'Rio 2' ,"
"'Into the Woods' ,"
"'Lucy' ,"
"'The Fault in our Stars' ,"
"'Unbroken' ,"
"'Night at the Museum: Secret of the Tomb' ,"
"'Mr. Peabody & Sherman' ,"
"'300: Rise of An Empire' ,"
"'The Maze Runner' ,"
"'The Equalizer' ,"
"'Noah' ,"
"'Edge of Tomorrow' ,"
"'Non-Stop' ,"
"'Heaven is for Real' ,"
"'The Imitation Game' ,"
"'Dumb and Dumber To' ,"
"'Annie ' ,"
"'Fury ' ,"
"'Tammy' ,"
"'Annabelle' ,"
"'The Other Woman ' ,"
"'Penguins of Madagascar' ,"
"'Lets Be Cops' ,"
"'The Monuments Men' ,"
"'Hercules ' ,"
"'The Purge: Anarchy' ,"
"'Alexander and the Terrible, Horrible, No Good, Very Bad Day' ,"
"'Think Like a Man Too' ,"
"'Exodus: Gods and Kings' ,"
"'The Nut Job' ,"
"'Gods Not Dead' ,"
"'Son of God' ,"
"'The Grand Budapest Hotel' ,"
"'Planes: Fire & Rescue' ,"
"'RoboCop ' ,"
"'Dracula Untold' ,"
"'Horrible Bosses 2' ,"
"'The Hundred-Foot Journey' ,"
"'No Good Deed ' ,"
"'Selma' ,"
"'Muppets Most Wanted' ,"
"'Ouija' ,"
"'The Boxtrolls' ,"
"'Jack Ryan: Shadow Recruit' ,"
"'If I Stay' ,"
"'The Book of Life ' ,"
"'About Last Night ' ,"
"'Into The Storm' ,"
"'The Judge' ,"
"'Jersey Boys' ,"
"'Blended' ,"
"'The Giver' ,"
"'St. Vincent' ,"
"'Need for Speed' ,"
"'A Million Ways to Die in the West' ,"
"'John Wick' ,"
"'Birdman' ,"
"'Dolphin Tale 2' ,"
"'The Expendables 3' ,"
"'Earth to Echo' ,"
"'Sex Tape' ,"
"'Wild ' ,"
"'Million Dollar Arm' ,"
"'The Theory of Everything' ,"
"'This is Where I Leave You' ,"
"'The Gambler' ,"
"'Paranormal Activity: The Marked Ones' ,"
"'Nightcrawler' ,"
"'Chef' ,"
"'Get On Up' ,"
"'3 Days to Kill' ,"
"'Deliver Us From Evil' ,"
"'When the Game Stands Tall' ,"
"'Draft Day' ,"
"'Oculus' ,"
"'The Best of Me' ,"
"'A Walk Among the Tombstones' ,"
"'That Awkward Moment' ,"
"'Boyhood' ,"
"'Star Wars: The Force Awakens' ,"
"'Jurassic World' ,"
"'Avengers: Age of Ultron' ,"
"'Inside Out' ,"
"'Furious 7' ,"
"'Minions' ,"
"'The Hunger Games: Mockingjay - Part 2' ,"
"'The Martian' ,"
"'Cinderella ' ,"
"'Spectre' ,"
"'Mission: Impossible - Rogue Nation' ,"
"'Pitch Perfect 2' ,"
"'The Revenant' ,"
"'Ant-Man' ,"
"'Home ' ,"
"'Hotel Transylvania 2' ,"
"'Fifty Shades of Grey' ,"
"'The SpongeBob Movie: Sponge Out of Water' ,"
"'Straight Outta Compton' ,"
"'San Andreas' ,"
"'Mad Max: Fury Road' ,"
"'Daddys Home' ,"
"'The Divergent Series: Insurgent' ,"
"'The Peanuts Movie' ,"
"'Kingsman: The Secret Service' ,"
"'The Good Dinosaur' ,"
"'Spy' ,"
"'Trainwreck' ,"
"'Creed' ,"
"'Tomorrowland' ,"
"'Get Hard' ,"
"'Terminator: Genisys' ,"
"'Taken 3' ,"
"'Sisters' ,"
"'Alvin and the Chipmunks: The Road Chip' ,"
"'Maze Runner: The Scorch Trials' ,"
"'Ted 2' ,"
"'Goosebumps' ,"
"'Pixels' ,"
"'Paddington' ,"
"'The Intern' ,"
"'Bridge of Spies' ,"
"'Paul Blart: Mall Cop 2' ,"
"'The Big Short' ,"
"'War Room' ,"
"'Magic Mike XXL' ,"
"'The Visit' ,"
"'The Wedding Ringer' ,"
"'Black Mass' ,"
"'Vacation' ,"
"'The Perfect Guy' ,"
"'Joy' ,"
"'Fantastic Four' ,"
"'The Hateful Eight' ,"
"'Focus ' ,"
"'Southpaw' ,"
"'Insidious Chapter 3' ,"
"'Poltergeist ' ,"
"'Jupiter Ascending' ,"
"'Sicario' ,"
"'The Man From U.N.C.L.E.' ,"
"'Spotlight' ,"
"'McFarland, USA' ,"
"'The Gift ' ,"
"'Everest ' ,"
"'The Night Before' ,"
"'Krampus' ,"
"'Max ' ,"
"'The Age of Adaline' ,"
"'Brooklyn' ,"
"'The Longest Ride' ,"
"'The Boy Next Door' ,"
"'Pan' ,"
"'Hot Pursuit' ,"
"'Concussion ' ,"
"'The DUFF' ,"
"'Woman in Gold' ,"
"'The Second Best Exotic Marigold Hotel' ,"
"'Unfriended' ,"
"'Entourage' ,"
"'Paper Towns' ,"
"'Chappie' ,"
"'Crimson Peak' ,"
"'A Walk in the Woods' ,"
"'Point Break ' ,"
"'Sinister 2' ,"
"'The Last Witch Hunter' ,"
"'No Escape' ,"
"'Ricki and the Flash' ,"
"'The Woman in Black 2: Angel of Death' ,"
"'Run All Night' ,"
"'Love the Coopers' ,"
"'The Lazarus Effect' ,"
"'Ex Machina' ,"
"'In the Heart of the Sea' ,"
"'The Gallows' ,"
"'Hitman: Agent 47' ,"
"'Project Almanac' ,"
"'Black or White' ,"
"'Aloha' ,"
"'Rogue One: A Star Wars Story' ,"
"'Finding Dory' ,"
"'Captain America: Civil War' ,"
"'The Secret Life of Pets' ,"
"'The Jungle Book ' ,"
"'Deadpool' ,"
"'Zootopia' ,"
"'Batman v Superman: Dawn of Justice' ,"
"'Suicide Squad' ,"
"'Sing' ,"
"'Moana' ,"
"'Fantastic Beasts and Where To Find Them' ,"
"'Doctor Strange' ,"
"'Hidden Figures' ,"
"'Jason Bourne' ,"
"'Star Trek Beyond' ,"
"'X-Men: Apocalypse' ,"
"'Trolls' ,"
"'La La Land' ,"
"'Kung Fu Panda 3' ,"
"'Ghostbusters ' ,"
"'Central Intelligence' ,"
"'The Legend of Tarzan' ,"
"'Sully' ,"
"'Bad Moms' ,"
"'The Angry Birds Movie' ,"
"'Independence Day: Resurgence' ,"
"'The Conjuring 2' ,"
"'Arrival' ,"
"'Passengers ' ,"
"'Sausage Party' ,"
"'The Magnificent Seven ' ,"
"'Ride Along 2' ,"
"'Dont Breathe' ,"
"'Miss Peregrines Home for Peculiar Children' ,"
"'The Accountant' ,"
"'Teenage Mutant Ninja Turtles: Out of the Shadows' ,"
"'The Purge: Election Year' ,"
"'Alice Through the Looking Glass' ,"
"'Petes Dragon ' ,"
"'The Girl on the Train ' ,"
"'Boo! A Madea Halloween' ,"
"'Storks' ,"
"'10 Cloverfield Lane' ,"
"'Lights Out' ,"
"'Hacksaw Ridge' ,"
"'The Divergent Series: Allegiant' ,"
"'Now You See Me 2' ,"
"'Ice Age: Collision Course' ,"
"'The Boss' ,"
"'London Has Fallen' ,"
"'Miracles from Heaven' ,"
"'Deepwater Horizon' ,"
"'Why Him?' ,"
"'My Big Fat Greek Wedding 2' ,"
"'Jack Reacher: Never Go Back' ,"
"'Fences' ,"
"'Me Before You' ,"
"'The BFG' ,"
"'Neighbors 2: Sorority Rising' ,"
"'The Shallows' ,"
"'Office Christmas Party' ,"
"'Assassins Creed' ,"
"'Barbershop: The Next Cut' ,"
"'13 Hours: The Secret Soldiers of Benghazi' ,"
"'Lion' ,"
"'The Huntsman: Winters War' ,"
"'Kubo and the Two Strings' ,"
"'Manchester by the Sea' ,"
"'Warcraft' ,"
"'How to Be Single' ,"
"'Mike and Dave Need Wedding Dates' ,"
"'War Dogs' ,"
"'Almost Christmas' ,"
"'Money Monster' ,"
"'Allied' ,"
"'Nerve' ,"
"'Risen' ,"
"'The Nice Guys' ,"
"'The Boy ' ,"
"'Dirty Grandpa' ,"
"'Ouija: Origin of Evil' ,"
"'The 5th Wave' ,"
"'Inferno' ,"
"'Mothers Day' ,"
"'Patriots Day' ,"
"'Gods of Egypt' ,"
"'Collateral Beauty' ,"
"'Hail, Caesar!' ,"
"'When the Bough Breaks' ,"
"'Zoolander 2' ,"
"'Moonlight ' ,"
"'The Finest Hours' ,"
"'Florence Foster Jenkins' ,"
"'Hell or High Water' ,"
"'The Forest' ,"
"'Ben-Hur ' ,"
"'The Witch' ,"
"'Bridget Joness Baby' ,"
"'Kevin Hart: What Now?' ,"
"'Star Wars: The Last Jedi' ,"
"'Beauty and the Beast ' ,"
"'Wonder Woman' ,"
"'Jumanji: Welcome to the Jungle' ,"
"'Guardians of the Galaxy Vol. 2' ,"
"'Spider-Man: Homecoming' ,"
"'It' ,"
"'Thor: Ragnarok' ,"
"'Despicable Me 3' ,"
"'Justice League' ,"
"'Logan ' ,"
"'The Fate of the Furious' ,"
"'Coco' ,"
"'Dunkirk' ,"
"'Get Out' ,"
"'The LEGO Batman Movie' ,"
"'The Boss Baby' ,"
"'The Greatest Showman' ,"
"'Pirates of the Caribbean: Dead Men Tell No Tales' ,"
"'Kong: Skull Island' ,"
"'Cars 3' ,"
"'War for the Planet of the Apes' ,"
"'Split' ,"
"'Wonder' ,"
"'Transformers: The Last Knight' ,"
"'Girls Trip' ,"
"'Fifty Shades Darker' ,"
"'Baby Driver' ,"
"'Pitch Perfect 3' ,"
"'Daddys Home 2' ,"
"'Murder on the Orient Express ' ,"
"'Annabelle: Creation' ,"
"'Kingsman: The Golden Circle' ,"
"'Blade Runner 2049' ,"
"'John Wick: Chapter Two' ,"
"'The Emoji Movie' ,"
"'Power Rangers ' ,"
"'Ferdinand' ,"
"'The Post' ,"
"'The Mummy ' ,"
"'The Hitmans Bodyguard' ,"
"'Alien: Covenant' ,"
"'Captain Underpants: The First Epic Movie' ,"
"'A Bad Moms Christmas' ,"
"'A Dogs Purpose' ,"
"'The Shape of Water' ,"
"'The LEGO Ninjago Movie' ,"
"'Baywatch' ,"
"'The Shack' ,"
"'Darkest Hour' ,"
"'Happy Death Day' ,"
"'Three Billboards Outside Ebbing, Missouri' ,"
"'Atomic Blonde' ,"
"'American Made' ,"
"'The Dark Tower' ,"
"'Lady Bird' ,"
"'Tyler Perrys Boo 2! A Madea Halloween' ,"
"'Snatched' ,"
"'The Great Wall' ,"
"'Smurfs: The Lost Village' ,"
"'Going in Style ' ,"
"'All Eyez on Me' ,"
"'xXx: The Return of Xander Cage' ,"
"'47 Meters Down' ,"
"'The Big Sick' ,"
"'Valerian and the City of a Thousand Planets' ,"
"'The Star' ,"
"'Ghost in the Shell ' ,"
"'King Arthur: Legend of the Sword' ,"
"'Jigsaw' ,"
"'American Assassin' ,"
"'The Foreigner' ,"
"'Everything, Everything' ,"
"'Wind River' ,"
"'Geostorm' ,"
"'Monster Trucks' ,"
"'Fist Fight' ,"
"'How to be a Latin Lover' ,"
"'Kidnap ' ,"
"'Underworld: Blood Wars' ,"
"'The Mountain Between Us' ,"
"'Life ' ,"
"'I, Tonya' ,"
"'Hostiles' ,"
"'Mollys Game' ,"
"'The Nut Job 2: Nutty by Nature' ,"
"'Rings' ,"
"'Logan Lucky' ,"
"'Home Again' ,"
"'Resident Evil: The Final Chapter' ,"
"'The House' ,"
"'All the Money in the World' ,"
"'Gifted' ,"
"'Downsizing' ,"
"'The Bye Bye Man' ,"
"'Victoria and Abdul' ,"
"'Rough Night' ,"
"'My Little Pony: The Movie' ,"
"'Leap!' ,"
"'Phantom Thread' ,"
"'Black Panther' ,"
"'Avengers: Infinity War' ,"
"'Incredibles 2' ,"
"'Jurassic World: Fallen Kingdom' ,"
"'Aquaman' ,"
"'Deadpool 2' ,"
"'Dr. Seuss The Grinch ' ,"
"'Mission: Impossible - Fallout' ,"
"'Ant-Man and the Wasp' ,"
"'Bohemian Rhapsody' ,"
"'A Star is Born ' ,"
"'Solo: A Star Wars Story' ,"
"'Venom ' ,"
"'Ralph Breaks the Internet' ,"
"'Spider-Man: Into The Spider-Verse' ,"
"'A Quiet Place' ,"
"'Crazy Rich Asians' ,"
"'Mary Poppins Returns' ,"
"'Hotel Transylvania 3: Summer Vacation' ,"
"'Fantastic Beasts: The Crimes of Grindelwald' ,"
"'Halloween ' ,"
"'The Meg' ,"
"'Oceans 8' ,"
"'Ready Player One' ,"
"'Bumblebee' ,"
"'Mamma Mia! Here We Go Again' ,"
"'The Nun' ,"
"'Creed II' ,"
"'Peter Rabbit' ,"
"'The Mule' ,"
"'The Equalizer 2' ,"
"'Rampage ' ,"
"'A Wrinkle in Time' ,"
"'Fifty Shades Freed' ,"
"'Disneys Christopher Robin' ,"
"'Green Book' ,"
"'I Can Only Imagine' ,"
"'Smallfoot' ,"
"'Night School ' ,"
"'The First Purge' ,"
"'Game Night' ,"
"'Book Club' ,"
"'The House With A Clock In Its Walls' ,"
"'Skyscraper' ,"
"'Insidious: The Last Key' ,"
"'Instant Family' ,"
"'Blockers' ,"
"'Pacific Rim Uprising' ,"
"'Tomb Raider' ,"
"'Maze Runner: The Death Cure' ,"
"'The Nutcracker and the Four Realms' ,"
"'Tag' ,"
"'A Simple Favor' ,"
"'Life of the Party' ,"
"'The Predator ' ,"
"'Overboard ' ,"
"'Sicario: Day of the Soldado' ,"
"'BlacKkKlansman' ,"
"'I Feel Pretty' ,"
"'Vice' ,"
"'Red Sparrow' ,"
"'Breaking In ' ,"
"'Goosebumps 2: Haunted Halloween' ,"
"'12 Strong' ,"
"'Den of Thieves' ,"
"'First Man' ,"
"'Hereditary' ,"
"'Tyler Perrys Acrimony' ,"
"'Sherlock Gnomes' ,"
"'Uncle Drew' ,"
"'Widows' ,"
"'Truth or Dare' ,"
"'Paddington 2' ,"
"'Love, Simon' ,"
"'Second Act' ,"
"'The Commuter' ,"
"'The 15:17 to Paris' ,"
"'Mile 22' ,"
"'Alpha' ,"
"'Peppermint' ,"
"'The Favourite' ,"
"'Death Wish ' ,"
"'The Spy Who Dumped Me' ,"
"'Annihilation' ,"
"'Isle Of Dogs' ,"
"'Nobodys Fool' ,"
"'Adrift' ,"
"'Robin Hood ' ,"
"'Super Troopers 2' ,"
"'Holmes and Watson' ,"
"'Slender Man' ,"
"'Teen Titans Go! To The Movies' ,"
"'The Hate U Give' ,"
"'Searching' ,"
"'Winchester' ,"
"'On the Basis of Sex' ,"
"'Strangers: Prey at Night' ,"
"'White Boy Rick' ,"
"'Wont You Be My Neighbor?' ,"
Overlord' 
